{
  "plates": [
    {
      "plate_id": "plate_A",
      "corner_id": "rear_left",
      "corner_x": -1.3287,
      "corner_y": 0.3463,
      "corner_z": -0.177,
      "origin_x": -1.3287,
      "origin_y": 0.3463,
      "width": 0.3,
      "length": 0.3,
      "yaw_deg": 0.0,
      "margin_x": 0.04,
      "margin_y": 0.04,
      "surface_z": -0.18053357303142548,
      "is_calibrated": true,
      "plane_calibrated": true,
      "plane_a": -0.014788116328418255,
      "plane_b": 0.006532410625368357,
      "plane_c": -0.20120637118816376,
      "probe_points": [
        {
          "x": -1.2786999464035034,
          "y": 0.39630000591278075,
          "z": -0.180182217195424
        },
        {
          "x": -1.0786999344825745,
          "y": 0.39630000591278075,
          "z": -0.1821914224800868
        },
        {
          "x": -1.0786999344825745,
          "y": 0.5963000178337097,
          "z": -0.1818333584817202
        },
        {
          "x": -1.2786999464035034,
          "y": 0.5963000178337097,
          "z": -0.17792731673099807
        }
      ]
    }
  ],
  "calibration_point": {
    "x": -1.4054395482092068,
    "y": 0.2101156820784975,
    "z": -0.18715879071027383,
    "frame": "base_link",
    "source": "contact_tip"
  },
  "plate_defaults": {
    "margin_x": 0.04,
    "margin_y": 0.04
  }
}
